"shapeid","OID_1","LU_DESC","LU_TEXT","GPR","WHI_Q_MX","GPR_B_MN","INC_CRC","FMEL_UPD_D"
"0","0","RESIDENTIAL","NULL","2.8","0.0","0.0","39F99B6258CEBD43","PyQt4.QtCore.QDate(2014, 6, 23)"
"1","0","ROAD","NULL","NULL","0.0","0.0","4D0A68C7A4D1C349","PyQt4.QtCore.QDate(2014, 6, 23)"
"2","0","WATERBODY","NULL","NULL","0.0","0.0","7D03EB31D80F51A6","PyQt4.QtCore.QDate(2014, 6, 23)"
"3","0","TRANSPORT FACILITIES","NULL","EVA","0.0","0.0","F230AB95DBE443CA","PyQt4.QtCore.QDate(2014, 6, 23)"
"4","0","TRANSPORT FACILITIES","NULL","EVA","0.0","0.0","BCA2D30EF8421F39","PyQt4.QtCore.QDate(2014, 6, 23)"
"5","0","BUSINESS 1","NULL","2.5","0.0","0.0","30D7582E7B30ADF1","PyQt4.QtCore.QDate(2014, 6, 23)"
"6","0","ROAD","NULL","NULL","0.0","0.0","0F16BC217109B49F","PyQt4.QtCore.QDate(2014, 6, 23)"
"7","0","RESIDENTIAL","NULL","2.8","0.0","0.0","320FDFC53325476F","PyQt4.QtCore.QDate(2014, 6, 23)"
"8","0","ROAD","NULL","NULL","0.0","0.0","84F73810059D7034","PyQt4.QtCore.QDate(2014, 6, 23)"
"9","0","CEMETERY","NULL","EVA","0.0","0.0","43FDBE5B7E2F3100","PyQt4.QtCore.QDate(2014, 6, 23)"
"10","0","WATERBODY","NULL","NULL","0.0","0.0","ACA9B8E0746E215A","PyQt4.QtCore.QDate(2014, 6, 23)"
"11","0","BUSINESS 1","NULL","2.5","0.0","0.0","9F2FB74254D9037B","PyQt4.QtCore.QDate(2014, 6, 23)"
"12","0","BUSINESS 1","NULL","2.5","0.0","0.0","43FDA654B257B115","PyQt4.QtCore.QDate(2014, 6, 23)"
"13","0","BUSINESS 1","NULL","2.5","0.0","0.0","218D1BB85F3ED444","PyQt4.QtCore.QDate(2014, 6, 23)"
"14","0","BUSINESS 1","NULL","2.5","0.0","0.0","D4A64505C86C15A8","PyQt4.QtCore.QDate(2014, 6, 23)"
"15","0","BUSINESS 2","NULL","2.5","0.0","0.0","FF7461F2D97FAC98","PyQt4.QtCore.QDate(2014, 6, 23)"
"16","0","BUSINESS 1","NULL","2.5","0.0","0.0","94ABB91A722B5A06","PyQt4.QtCore.QDate(2014, 6, 23)"
"17","0","BUSINESS 1","NULL","2.5","0.0","0.0","7DB9C969FC008242","PyQt4.QtCore.QDate(2014, 6, 23)"
"18","0","ROAD","NULL","NULL","0.0","0.0","4BD153333CFAD74E","PyQt4.QtCore.QDate(2014, 6, 23)"
"19","0","BUSINESS 1","NULL","2.5","0.0","0.0","FD3783E4A7F7B244","PyQt4.QtCore.QDate(2014, 6, 23)"
"20","0","BUSINESS 1","NULL","2.5","0.0","0.0","5D6A83562ADE8809","PyQt4.QtCore.QDate(2014, 6, 23)"
"21","0","ROAD","NULL","NULL","0.0","0.0","69195F2A603E7694","PyQt4.QtCore.QDate(2014, 6, 23)"
"22","0","RESIDENTIAL","NULL","3.5","0.0","0.0","C7F35281A6AF9FBB","PyQt4.QtCore.QDate(2014, 6, 23)"
"23","0","ROAD","NULL","NULL","0.0","0.0","E4F651E94481E696","PyQt4.QtCore.QDate(2014, 6, 23)"
"24","0","ROAD","NULL","NULL","0.0","0.0","824A882AAC1AA9D1","PyQt4.QtCore.QDate(2014, 6, 23)"
"25","0","WATERBODY","NULL","NULL","0.0","0.0","EB68A0F598FC500C","PyQt4.QtCore.QDate(2014, 6, 23)"
"26","0","RESIDENTIAL","NULL","2.8","0.0","0.0","61B2176A455CC4C9","PyQt4.QtCore.QDate(2014, 6, 23)"
"27","0","ROAD","NULL","NULL","0.0","0.0","1BF5B6437A36BB83","PyQt4.QtCore.QDate(2014, 6, 23)"
"28","0","ROAD","NULL","NULL","0.0","0.0","2D4A882B0CA2A883","PyQt4.QtCore.QDate(2014, 6, 23)"
"29","0","ROAD","NULL","NULL","0.0","0.0","E411D2DCF336E214","PyQt4.QtCore.QDate(2014, 6, 23)"
"30","0","RESIDENTIAL WITH COMMERCIAL AT 1ST STOREY","NULL","2.8","0.0","0.0","49199837D4386B0D","PyQt4.QtCore.QDate(2014, 6, 23)"
"31","0","PARK","NULL","EVA","0.0","0.0","3BFDC1B314F9E445","PyQt4.QtCore.QDate(2014, 6, 23)"
"32","0","RESIDENTIAL","NULL","3.5","0.0","0.0","2199F8514E52AAC3","PyQt4.QtCore.QDate(2014, 6, 23)"
"33","0","RESIDENTIAL","NULL","2.8","0.0","0.0","5B35A49106A4A823","PyQt4.QtCore.QDate(2014, 6, 23)"
"33.ring1","0","RESIDENTIAL","NULL","2.8","0.0","0.0","5B35A49106A4A823","PyQt4.QtCore.QDate(2014, 6, 23)"
"34","0","RESERVE SITE","NULL","NULL","0.0","0.0","DFC20194D7AA67F5","PyQt4.QtCore.QDate(2014, 6, 23)"
"35","0","PARK","NULL","EVA","0.0","0.0","2B6FB23CC0A2669B","PyQt4.QtCore.QDate(2014, 6, 23)"
"36","0","SPORTS & RECREATION","NULL","EVA","0.0","0.0","C04F4ADA3E0FB11D","PyQt4.QtCore.QDate(2014, 6, 23)"
"37","0","BUSINESS 2","NULL","2.5","0.0","0.0","D568FF1F4392FC4F","PyQt4.QtCore.QDate(2014, 6, 23)"
"38","0","BUSINESS 2","NULL","2.5","0.0","0.0","ABBCE822B8011FBF","PyQt4.QtCore.QDate(2014, 6, 23)"
"39","0","WATERBODY","NULL","NULL","0.0","0.0","15921851D5AA8EDB","PyQt4.QtCore.QDate(2014, 6, 23)"
"40","0","BUSINESS 2","NULL","2.0","0.0","0.0","0894F675EF4934E6","PyQt4.QtCore.QDate(2014, 6, 23)"
"41","0","TRANSPORT FACILITIES","NULL","EVA","0.0","0.0","F19123B95D020890","PyQt4.QtCore.QDate(2014, 6, 23)"
"42","0","TRANSPORT FACILITIES","NULL","EVA","0.0","0.0","8B509E0BE9B4A39F","PyQt4.QtCore.QDate(2014, 6, 23)"
"43","0","WATERBODY","NULL","NULL","0.0","0.0","8EEE1851E9C9BA1D","PyQt4.QtCore.QDate(2014, 6, 23)"
"44","0","BUSINESS 2","NULL","2.5","0.0","0.0","BA3801A97F411EA6","PyQt4.QtCore.QDate(2014, 6, 23)"
"45","0","BUSINESS 2","NULL","2.0","0.0","0.0","E6C73579BF576157","PyQt4.QtCore.QDate(2014, 6, 23)"
"46","0","BUSINESS 2","NULL","2.0","0.0","0.0","3C79F5CFA4CD140E","PyQt4.QtCore.QDate(2014, 6, 23)"
"47","0","BUSINESS 2","NULL","2.0","0.0","0.0","2C7FA8D30CC89059","PyQt4.QtCore.QDate(2014, 6, 23)"
"48","0","BUSINESS 2","NULL","2.5","0.0","0.0","E2D40557790D36EB","PyQt4.QtCore.QDate(2014, 6, 23)"
"49","0","BUSINESS 2","NULL","2.0","0.0","0.0","EFAFED6ABD53A878","PyQt4.QtCore.QDate(2014, 6, 23)"
"50","0","BUSINESS 2","NULL","2.5","0.0","0.0","4EEADD3DC414C7FC","PyQt4.QtCore.QDate(2014, 6, 23)"
"51","0","ROAD","NULL","NULL","0.0","0.0","FFDB1A714F0DD813","PyQt4.QtCore.QDate(2014, 6, 23)"
"52","0","BUSINESS 1","NULL","2.0","0.0","0.0","4785EDB6F5A201F4","PyQt4.QtCore.QDate(2014, 6, 23)"
"53","0","BUSINESS 2","NULL","2.5","0.0","0.0","AB5C004CBFD7DF58","PyQt4.QtCore.QDate(2014, 6, 23)"
"54.0","0","RESERVE SITE","NULL","NULL","0.0","0.0","394BDF9EB3E0AF75","PyQt4.QtCore.QDate(2014, 6, 23)"
"54.1","0","RESERVE SITE","NULL","NULL","0.0","0.0","394BDF9EB3E0AF75","PyQt4.QtCore.QDate(2014, 6, 23)"
"55","0","TRANSPORT FACILITIES","NULL","EVA","0.0","0.0","D9469C4CA33B0223","PyQt4.QtCore.QDate(2014, 6, 23)"
"56","0","BUSINESS 2","NULL","2.0","0.0","0.0","6165DB869A62C065","PyQt4.QtCore.QDate(2014, 6, 23)"
"57","0","BUSINESS 2","NULL","2.5","0.0","0.0","16DC13D3181F0A62","PyQt4.QtCore.QDate(2014, 6, 23)"
"58","0","BUSINESS 2","NULL","2.0","0.0","0.0","31401CB229E8F5DD","PyQt4.QtCore.QDate(2014, 6, 23)"
"59","0","UTILITY","U","EVA","0.0","0.0","19DD48312301080C","PyQt4.QtCore.QDate(2014, 6, 23)"
"60","0","CIVIC & COMMUNITY INSTITUTION","NULL","EVA","0.0","0.0","B8EAB4D7D700887D","PyQt4.QtCore.QDate(2014, 6, 23)"
"61","0","BUSINESS 2","NULL","2.0","0.0","0.0","66996FCDF55EE97B","PyQt4.QtCore.QDate(2014, 6, 23)"
"62","0","BUSINESS 2","NULL","2.5","0.0","0.0","FE32D199F8B627FE","PyQt4.QtCore.QDate(2014, 6, 23)"
"63","0","BUSINESS 2","NULL","2.5","0.0","0.0","BAA5CA7A74BA03D5","PyQt4.QtCore.QDate(2014, 6, 23)"
"64","0","CIVIC & COMMUNITY INSTITUTION","NULL","EVA","0.0","0.0","86A70028F1DEC2F0","PyQt4.QtCore.QDate(2014, 6, 23)"
"65","0","BUSINESS 2","NULL","2.0","0.0","0.0","9C9B0FFE2ECEB4B6","PyQt4.QtCore.QDate(2014, 6, 23)"
"66","0","BUSINESS 2","NULL","2.5","0.0","0.0","D7D68854BC004EBF","PyQt4.QtCore.QDate(2014, 6, 23)"
"67","0","BUSINESS 2","NULL","2.5","0.0","0.0","2315484A4873A2F8","PyQt4.QtCore.QDate(2014, 6, 23)"
"68","0","BUSINESS 2","NULL","2.5","0.0","0.0","25B53A154CC8A2F5","PyQt4.QtCore.QDate(2014, 6, 23)"
"69","0","ROAD","NULL","NULL","0.0","0.0","2410EB409EC13066","PyQt4.QtCore.QDate(2014, 6, 23)"
"70","0","WATERBODY","NULL","NULL","0.0","0.0","11DFD33AF57D13F7","PyQt4.QtCore.QDate(2014, 6, 23)"
"71","0","BUSINESS PARK","NULL","2.5","0.0","0.0","896F600E18B04C2B","PyQt4.QtCore.QDate(2014, 6, 23)"
"72","0","COMMERCIAL & RESIDENTIAL","NULL","EVA","0.0","0.0","9317D6735B30F255","PyQt4.QtCore.QDate(2014, 6, 23)"
"73","0","ROAD","NULL","NULL","0.0","0.0","B152E8D1EA1448F8","PyQt4.QtCore.QDate(2014, 6, 23)"
"74","0","RESIDENTIAL WITH COMMERCIAL AT 1ST STOREY","NULL","2.8","0.0","0.0","074CC1DDCFDFF45E","PyQt4.QtCore.QDate(2014, 6, 23)"
"75","0","RESIDENTIAL WITH COMMERCIAL AT 1ST STOREY","NULL","2.8","0.0","0.0","8B0CDFAEE9B37D94","PyQt4.QtCore.QDate(2014, 6, 23)"
"76","0","RESIDENTIAL","NULL","3.5","0.0","0.0","09789946C4173845","PyQt4.QtCore.QDate(2014, 6, 23)"
"77","0","ROAD","NULL","NULL","0.0","0.0","F5F758D17990A5E5","PyQt4.QtCore.QDate(2014, 6, 23)"
"78","0","RESERVE SITE","NULL","NULL","0.0","0.0","BD053D4272887AE7","PyQt4.QtCore.QDate(2014, 6, 23)"
"79","0","ROAD","NULL","NULL","0.0","0.0","E2B4C61A6EEB90B2","PyQt4.QtCore.QDate(2014, 6, 23)"
"80","0","RESIDENTIAL","NULL","3.5","0.0","0.0","B8D4DB88D05AD313","PyQt4.QtCore.QDate(2014, 6, 23)"
"81","0","ROAD","NULL","NULL","0.0","0.0","B1A34585100E3963","PyQt4.QtCore.QDate(2014, 6, 23)"
"82","0","ROAD","NULL","NULL","0.0","0.0","C928645629A01D53","PyQt4.QtCore.QDate(2014, 6, 23)"
"83","0","ROAD","NULL","NULL","0.0","0.0","827A189C862D26B9","PyQt4.QtCore.QDate(2014, 6, 23)"
"84","0","PLACE OF WORSHIP","W","EVA","0.0","0.0","90299F3D23716C5B","PyQt4.QtCore.QDate(2014, 6, 23)"
"85","0","OPEN SPACE","NULL","EVA","0.0","0.0","8F0B2784066B55B9","PyQt4.QtCore.QDate(2014, 6, 23)"
"86","0","PLACE OF WORSHIP","W","EVA","0.0","0.0","F9E69A141FFFAC87","PyQt4.QtCore.QDate(2014, 6, 23)"
"87","0","CIVIC & COMMUNITY INSTITUTION","NULL","EVA","0.0","0.0","E6731CBFE92CE8EB","PyQt4.QtCore.QDate(2014, 6, 23)"
"88","0","RESIDENTIAL","NULL","2.8","0.0","0.0","704F305B5EA6A204","PyQt4.QtCore.QDate(2014, 6, 23)"
"89","0","PARK","NULL","EVA","0.0","0.0","FE22607E2B7F2367","PyQt4.QtCore.QDate(2014, 6, 23)"
"90","0","BUSINESS 1","NULL","2.5","0.0","0.0","12F46210632561C3","PyQt4.QtCore.QDate(2014, 6, 23)"
"91","0","BUSINESS 1","NULL","2.5","0.0","0.0","B859FE13D55BFC84","PyQt4.QtCore.QDate(2014, 6, 23)"
"92","0","RESIDENTIAL","NULL","3.5","0.0","0.0","CFB97832736BDB23","PyQt4.QtCore.QDate(2014, 6, 23)"
"93","0","RESIDENTIAL WITH COMMERCIAL AT 1ST STOREY","NULL","2.8","0.0","0.0","3163240ED1AC807E","PyQt4.QtCore.QDate(2014, 6, 23)"
"94","0","WATERBODY","NULL","NULL","0.0","0.0","8E3DC0693AD89D09","PyQt4.QtCore.QDate(2014, 6, 23)"
"95","0","BUSINESS 1","NULL","2.5","0.0","0.0","D833429B6D79F95D","PyQt4.QtCore.QDate(2014, 6, 23)"
"96","0","RESIDENTIAL","NULL","2.8","0.0","0.0","AD7CC23BE7201108","PyQt4.QtCore.QDate(2014, 6, 23)"
"96.ring1","0","RESIDENTIAL","NULL","2.8","0.0","0.0","AD7CC23BE7201108","PyQt4.QtCore.QDate(2014, 6, 23)"
"96.ring2","0","RESIDENTIAL","NULL","2.8","0.0","0.0","AD7CC23BE7201108","PyQt4.QtCore.QDate(2014, 6, 23)"
"97","0","BUSINESS 1","NULL","2.5","0.0","0.0","CFEBFFD9E4DC9369","PyQt4.QtCore.QDate(2014, 6, 23)"
"98","0","RESIDENTIAL","NULL","3.2","0.0","0.0","1369FFCFC6305DA1","PyQt4.QtCore.QDate(2014, 6, 23)"
"99","0","RESIDENTIAL","NULL","3.0","0.0","0.0","9933E38BB92FEF00","PyQt4.QtCore.QDate(2014, 6, 23)"
"100","0","BUSINESS 1","NULL","2.5","0.0","0.0","E04809235FADA56C","PyQt4.QtCore.QDate(2014, 6, 23)"
"101","0","BUSINESS 1","NULL","2.5","0.0","0.0","6BDAD775AA048587","PyQt4.QtCore.QDate(2014, 6, 23)"
"102","0","BUSINESS PARK","NULL","2.5","0.0","0.0","04648ED665FAD933","PyQt4.QtCore.QDate(2014, 6, 23)"
"103","0","BUSINESS PARK","NULL","2.5","0.0","0.0","16287477D2D25631","PyQt4.QtCore.QDate(2014, 6, 23)"
"104","0","BUSINESS PARK","NULL","2.5","0.0","0.0","75CE96EEB7627F7F","PyQt4.QtCore.QDate(2014, 6, 23)"
"105","0","RESIDENTIAL","NULL","2.8","0.0","0.0","3EEAB03EFAF726AD","PyQt4.QtCore.QDate(2014, 6, 23)"
"106","0","RESIDENTIAL","NULL","3.5","0.0","0.0","854DDF7730DAC5F2","PyQt4.QtCore.QDate(2014, 6, 23)"
"107","0","RESERVE SITE","NULL","NULL","0.0","0.0","4C4D2A47D45DA493","PyQt4.QtCore.QDate(2014, 6, 23)"
"108","0","RESIDENTIAL","NULL","2.8","0.0","0.0","9524347E475DDD4E","PyQt4.QtCore.QDate(2014, 6, 23)"
"109","0","PLACE OF WORSHIP","W","EVA","0.0","0.0","D0E9D446F160D628","PyQt4.QtCore.QDate(2014, 6, 23)"
"110","0","ROAD","NULL","NULL","0.0","0.0","27EA404E9B4FFEE1","PyQt4.QtCore.QDate(2014, 6, 23)"
"111","0","EDUCATIONAL INSTITUTION","E","EVA","0.0","0.0","8C1311EC3A65F98C","PyQt4.QtCore.QDate(2014, 6, 23)"
"112","0","ROAD","NULL","NULL","0.0","0.0","4DFA1B12174239DE","PyQt4.QtCore.QDate(2014, 6, 23)"
"113","0","BUSINESS 1","NULL","2.5","0.0","0.0","99BB2BC4CFB7BD75","PyQt4.QtCore.QDate(2014, 6, 23)"
"114","0","BUSINESS 1","NULL","2.5","0.0","0.0","42A97DC357D820C4","PyQt4.QtCore.QDate(2014, 6, 23)"
"115","0","EDUCATIONAL INSTITUTION","E","EVA","0.0","0.0","94FCEDD8C36AE623","PyQt4.QtCore.QDate(2014, 6, 23)"
"116","0","BUSINESS 1","NULL","2.5","0.0","0.0","1F5B2EC9FA5BDBA6","PyQt4.QtCore.QDate(2014, 6, 23)"
"117","0","CIVIC & COMMUNITY INSTITUTION","NULL","EVA","0.0","0.0","FEDC1B40F7AA9B71","PyQt4.QtCore.QDate(2014, 6, 23)"
"118","0","BUSINESS PARK","NULL","2.5","0.0","0.0","472B0D6DB845F89B","PyQt4.QtCore.QDate(2014, 6, 23)"
"119","0","BUSINESS PARK","NULL","2.5","0.0","0.0","8503FEB0FB208B74","PyQt4.QtCore.QDate(2014, 6, 23)"
"120","0","BUSINESS PARK","NULL","2.5","0.0","0.0","88E70196622FD9A2","PyQt4.QtCore.QDate(2014, 6, 23)"
"121","0","BUSINESS 1","NULL","2.5","0.0","0.0","ACEBA8A494513F91","PyQt4.QtCore.QDate(2014, 6, 23)"
"122","0","BUSINESS 1","NULL","2.5","0.0","0.0","E52F7669238B6671","PyQt4.QtCore.QDate(2014, 6, 23)"
"123","0","BUSINESS 1","NULL","2.5","0.0","0.0","FED934AFA2F4D01F","PyQt4.QtCore.QDate(2014, 6, 23)"
"124","0","RESERVE SITE","NULL","NULL","0.0","0.0","FBB44E851E2DE2DB","PyQt4.QtCore.QDate(2014, 6, 23)"
"125","0","COMMERCIAL & RESIDENTIAL","NULL","EVA","0.0","0.0","0902319197DBC39A","PyQt4.QtCore.QDate(2014, 6, 23)"
"126","0","ROAD","NULL","NULL","0.0","0.0","21421EF392536366","PyQt4.QtCore.QDate(2014, 6, 23)"
"127","0","OPEN SPACE","NULL","EVA","0.0","0.0","F189C6D8FE5D7BDE","PyQt4.QtCore.QDate(2014, 6, 23)"
"128","0","EDUCATIONAL INSTITUTION","E","EVA","0.0","0.0","4D2B177359D4E9B0","PyQt4.QtCore.QDate(2014, 6, 23)"
"129","0","PARK","NULL","EVA","0.0","0.0","8422B95C906B888D","PyQt4.QtCore.QDate(2014, 6, 23)"
"130","0","RESIDENTIAL WITH COMMERCIAL AT 1ST STOREY","NULL","2.8","0.0","0.0","A6E8169A2A84F3FF","PyQt4.QtCore.QDate(2014, 6, 23)"
"131","0","RESIDENTIAL WITH COMMERCIAL AT 1ST STOREY","NULL","2.8","0.0","0.0","896CD8BCC18B49F4","PyQt4.QtCore.QDate(2014, 6, 23)"
"132","0","RESIDENTIAL WITH COMMERCIAL AT 1ST STOREY","NULL","2.8","0.0","0.0","8CB22BB190BCAD53","PyQt4.QtCore.QDate(2014, 6, 23)"
"133","0","PARK","NULL","EVA","0.0","0.0","4F01931D4F2F42EA","PyQt4.QtCore.QDate(2014, 6, 23)"
"134","0","PARK","NULL","EVA","0.0","0.0","F7F52BB1674CD147","PyQt4.QtCore.QDate(2014, 6, 23)"
"135","0","PARK","NULL","EVA","0.0","0.0","4EECD012E7991DA1","PyQt4.QtCore.QDate(2014, 6, 23)"
"136","0","ROAD","NULL","NULL","0.0","0.0","9EA30117AB3302FF","PyQt4.QtCore.QDate(2014, 6, 23)"
"137","0","BUSINESS 1","NULL","2.5","0.0","0.0","749DD68E7DBC05E1","PyQt4.QtCore.QDate(2014, 6, 23)"
"138.0","0","RESIDENTIAL","NULL","2.8","0.0","0.0","9A90AA57CCD8CE57","PyQt4.QtCore.QDate(2014, 6, 23)"
"138.1","0","RESIDENTIAL","NULL","2.8","0.0","0.0","9A90AA57CCD8CE57","PyQt4.QtCore.QDate(2014, 6, 23)"
"139","0","RESIDENTIAL","NULL","2.8","0.0","0.0","DC46542A4254774C","PyQt4.QtCore.QDate(2014, 6, 23)"
"140.0","0","WATERBODY","NULL","NULL","0.0","0.0","8997FCF308E05704","PyQt4.QtCore.QDate(2014, 6, 23)"
"140.1","0","WATERBODY","NULL","NULL","0.0","0.0","8997FCF308E05704","PyQt4.QtCore.QDate(2014, 6, 23)"
"141.0","0","PARK","NULL","EVA","0.0","0.0","7AFD332669073239","PyQt4.QtCore.QDate(2014, 6, 23)"
"141.1","0","PARK","NULL","EVA","0.0","0.0","7AFD332669073239","PyQt4.QtCore.QDate(2014, 6, 23)"
"142","0","PLACE OF WORSHIP","W","EVA","0.0","0.0","BAD08CE58182699D","PyQt4.QtCore.QDate(2014, 6, 23)"
"143","0","WATERBODY","NULL","NULL","0.0","0.0","FD5F3C1F767556FF","PyQt4.QtCore.QDate(2014, 6, 23)"
"144","0","CIVIC & COMMUNITY INSTITUTION","NULL","EVA","0.0","0.0","06234D80CADBD657","PyQt4.QtCore.QDate(2014, 6, 23)"
"145","0","WATERBODY","NULL","NULL","0.0","0.0","65257FFB0DFCDC76","PyQt4.QtCore.QDate(2014, 6, 23)"
"146","0","EDUCATIONAL INSTITUTION","E","EVA","0.0","0.0","3E389C0A99F3DC64","PyQt4.QtCore.QDate(2014, 6, 23)"
"147","0","BUSINESS PARK","NULL","2.5","0.0","0.0","12EEBF952A05A2B0","PyQt4.QtCore.QDate(2014, 6, 23)"
"148","0","BUSINESS PARK","NULL","2.5","0.0","0.0","CBFB9BBDF9EEF8A8","PyQt4.QtCore.QDate(2014, 6, 23)"
"149","0","ROAD","NULL","NULL","0.0","0.0","10442AA1EEF43BBD","PyQt4.QtCore.QDate(2014, 6, 23)"
"150","0","UTILITY","U","EVA","0.0","0.0","30BE8FBBE776A281","PyQt4.QtCore.QDate(2014, 6, 23)"
"151","0","UTILITY","U","EVA","0.0","0.0","580D7A83627B59C1","PyQt4.QtCore.QDate(2014, 6, 23)"
"152","0","RESIDENTIAL","NULL","2.8","0.0","0.0","32EA3ADF3683B7FD","PyQt4.QtCore.QDate(2014, 6, 23)"
"152.ring1","0","RESIDENTIAL","NULL","2.8","0.0","0.0","32EA3ADF3683B7FD","PyQt4.QtCore.QDate(2014, 6, 23)"
"152.ring2","0","RESIDENTIAL","NULL","2.8","0.0","0.0","32EA3ADF3683B7FD","PyQt4.QtCore.QDate(2014, 6, 23)"
"153","0","TRANSPORT FACILITIES","NULL","EVA","0.0","0.0","3F2DED6357D9B603","PyQt4.QtCore.QDate(2014, 6, 23)"
"154","0","PARK","NULL","EVA","0.0","0.0","01F2B6D1801A76A4","PyQt4.QtCore.QDate(2014, 6, 23)"
"155","0","RESIDENTIAL","NULL","2.8","0.0","0.0","ECF8BBD3D209FCE8","PyQt4.QtCore.QDate(2014, 6, 23)"
"156","0","BUSINESS 1","NULL","2.5","0.0","0.0","A76502AD474687BD","PyQt4.QtCore.QDate(2014, 6, 23)"
"157","0","ROAD","NULL","NULL","0.0","0.0","BE06D5C0F1110693","PyQt4.QtCore.QDate(2014, 6, 23)"
"158","0","RESIDENTIAL","NULL","2.0","0.0","0.0","C13EA6F9327AF6BC","PyQt4.QtCore.QDate(2014, 6, 23)"
"159","0","RESIDENTIAL WITH COMMERCIAL AT 1ST STOREY","NULL","2.8","0.0","0.0","C4EC3489CE18CDF4","PyQt4.QtCore.QDate(2014, 6, 23)"
"160","0","RESIDENTIAL WITH COMMERCIAL AT 1ST STOREY","NULL","2.8","0.0","0.0","342F1932D04D6C21","PyQt4.QtCore.QDate(2014, 6, 23)"
"161","0","RESIDENTIAL WITH COMMERCIAL AT 1ST STOREY","NULL","2.8","0.0","0.0","F4E1D59A7D607BBD","PyQt4.QtCore.QDate(2014, 6, 23)"
"162","0","RESIDENTIAL WITH COMMERCIAL AT 1ST STOREY","NULL","2.8","0.0","0.0","F668F98F20AE1938","PyQt4.QtCore.QDate(2014, 6, 23)"
"163","0","BUSINESS 1","NULL","2.5","0.0","0.0","820F1B9FF355C249","PyQt4.QtCore.QDate(2014, 6, 23)"
"164","0","BUSINESS 1","NULL","2.5","0.0","0.0","96947D6FCE4D299A","PyQt4.QtCore.QDate(2014, 6, 23)"
"165","0","BUSINESS PARK","NULL","2.5","0.0","0.0","E4F5FB022A9CD7A9","PyQt4.QtCore.QDate(2014, 6, 23)"
"166","0","BUSINESS 1","NULL","2.5","0.0","0.0","3A3DDD7B53F62AC5","PyQt4.QtCore.QDate(2014, 6, 23)"
"167","0","BUSINESS 1","NULL","2.5","0.0","0.0","E22EFA6CB2DC0516","PyQt4.QtCore.QDate(2014, 6, 23)"
"168","0","WATERBODY","NULL","NULL","0.0","0.0","F60DDB0C9591979B","PyQt4.QtCore.QDate(2014, 6, 23)"
"169","0","MASS RAPID TRANSIT","NULL","EVA","0.0","0.0","ACA288AB7CADA0D4","PyQt4.QtCore.QDate(2014, 6, 23)"
"170","0","ROAD","NULL","NULL","0.0","0.0","42B45D149948B750","PyQt4.QtCore.QDate(2014, 6, 23)"
"171","0","ROAD","NULL","NULL","0.0","0.0","7E1784E6CF8693F1","PyQt4.QtCore.QDate(2014, 6, 23)"
"172","0","ROAD","NULL","NULL","0.0","0.0","C5272A7F3F39664A","PyQt4.QtCore.QDate(2014, 6, 23)"
"173","0","RESIDENTIAL WITH COMMERCIAL AT 1ST STOREY","NULL","2.8","0.0","0.0","8A2F07CA2845BA28","PyQt4.QtCore.QDate(2014, 6, 23)"
"174","0","WATERBODY","NULL","NULL","0.0","0.0","7DFD53757D8BE80E","PyQt4.QtCore.QDate(2014, 6, 23)"
"175","0","RESIDENTIAL WITH COMMERCIAL AT 1ST STOREY","NULL","2.8","0.0","0.0","F069DFEC209052EB","PyQt4.QtCore.QDate(2014, 6, 23)"
"176","0","PLACE OF WORSHIP","W","EVA","0.0","0.0","8C420648AE5C2571","PyQt4.QtCore.QDate(2014, 6, 23)"
"177","0","RESIDENTIAL WITH COMMERCIAL AT 1ST STOREY","NULL","2.8","0.0","0.0","6D7D8560AC684DDE","PyQt4.QtCore.QDate(2014, 6, 23)"
"178","0","RESIDENTIAL","NULL","2.8","0.0","0.0","290681651029905C","PyQt4.QtCore.QDate(2014, 6, 23)"
"179","0","RESIDENTIAL WITH COMMERCIAL AT 1ST STOREY","NULL","2.8","0.0","0.0","A25D9BCE04E5791D","PyQt4.QtCore.QDate(2014, 6, 23)"
"180","0","RESIDENTIAL","NULL","2.8","0.0","0.0","CAE37C0BE4C86DB3","PyQt4.QtCore.QDate(2014, 6, 23)"
"180.ring1","0","RESIDENTIAL","NULL","2.8","0.0","0.0","CAE37C0BE4C86DB3","PyQt4.QtCore.QDate(2014, 6, 23)"
"180.ring2","0","RESIDENTIAL","NULL","2.8","0.0","0.0","CAE37C0BE4C86DB3","PyQt4.QtCore.QDate(2014, 6, 23)"
"181","0","PARK","NULL","EVA","0.0","0.0","B78CDE2F935B100A","PyQt4.QtCore.QDate(2014, 6, 23)"
"182","0","OPEN SPACE","NULL","EVA","0.0","0.0","D09D7376354CD51A","PyQt4.QtCore.QDate(2014, 6, 23)"
"183","0","UTILITY","U","EVA","0.0","0.0","1B2E8D53917D1949","PyQt4.QtCore.QDate(2014, 6, 23)"
"184","0","ROAD","NULL","NULL","0.0","0.0","DD186F507C63AEB2","PyQt4.QtCore.QDate(2014, 6, 23)"
"185","0","WATERBODY","NULL","NULL","0.0","0.0","4736CFA2AEE7AF71","PyQt4.QtCore.QDate(2014, 6, 23)"
"186","0","BUSINESS 1","NULL","2.5","0.0","0.0","2E73641ACE111EEB","PyQt4.QtCore.QDate(2014, 6, 23)"
"187","0","ROAD","NULL","NULL","0.0","0.0","B29C4DB51E910B52","PyQt4.QtCore.QDate(2014, 6, 23)"
"188","0","ROAD","NULL","NULL","0.0","0.0","8E4FDB3FD9E0B048","PyQt4.QtCore.QDate(2014, 6, 23)"
"189","0","RESIDENTIAL WITH COMMERCIAL AT 1ST STOREY","NULL","EVA","0.0","0.0","961457A6684ABCD0","PyQt4.QtCore.QDate(2014, 6, 23)"
"190","0","ROAD","NULL","NULL","0.0","0.0","E919408A4393F2CE","PyQt4.QtCore.QDate(2014, 6, 23)"
"191","0","ROAD","NULL","NULL","0.0","0.0","89E55DA91F4D9FB9","PyQt4.QtCore.QDate(2014, 6, 23)"
"192","0","ROAD","NULL","NULL","0.0","0.0","FBB787A9910992A0","PyQt4.QtCore.QDate(2014, 6, 23)"
"193","0","ROAD","NULL","NULL","0.0","0.0","36693EDD9AD333C8","PyQt4.QtCore.QDate(2014, 6, 23)"
"194","0","UTILITY","U","EVA","0.0","0.0","A9CE6CD2928752FF","PyQt4.QtCore.QDate(2014, 6, 23)"
"195","0","PARK","NULL","EVA","0.0","0.0","4000C304DC24D9C9","PyQt4.QtCore.QDate(2014, 6, 23)"
"196","0","ROAD","NULL","NULL","0.0","0.0","6FDC431A3D77AAF3","PyQt4.QtCore.QDate(2014, 6, 23)"
"197","0","RESIDENTIAL WITH COMMERCIAL AT 1ST STOREY","NULL","2.8","0.0","0.0","ED75D45677C713B0","PyQt4.QtCore.QDate(2014, 6, 23)"
"198","0","OPEN SPACE","NULL","EVA","0.0","0.0","0586B07D67D3B9EC","PyQt4.QtCore.QDate(2014, 6, 23)"
"199","0","RESIDENTIAL","NULL","2.8","0.0","0.0","346F524C0754A9A2","PyQt4.QtCore.QDate(2014, 6, 23)"
"199.ring1","0","RESIDENTIAL","NULL","2.8","0.0","0.0","346F524C0754A9A2","PyQt4.QtCore.QDate(2014, 6, 23)"
"200","0","PLACE OF WORSHIP","W","EVA","0.0","0.0","0B6702B6328534CF","PyQt4.QtCore.QDate(2014, 6, 23)"
"201","0","RESIDENTIAL","NULL","2.8","0.0","0.0","78DE14B7419ECB63","PyQt4.QtCore.QDate(2014, 6, 23)"
"201.ring1","0","RESIDENTIAL","NULL","2.8","0.0","0.0","78DE14B7419ECB63","PyQt4.QtCore.QDate(2014, 6, 23)"
"202","0","BUSINESS PARK","NULL","2.5","0.0","0.0","B8347FFBBCD47C66","PyQt4.QtCore.QDate(2014, 6, 23)"
"203","0","SPORTS & RECREATION","NULL","EVA","0.0","0.0","E2830183500EF3B6","PyQt4.QtCore.QDate(2014, 6, 23)"
"204","0","BUSINESS 1","NULL","2.5","0.0","0.0","5CA2484A28A74D33","PyQt4.QtCore.QDate(2014, 6, 23)"
"205","0","ROAD","NULL","NULL","0.0","0.0","772DBF3BD5ACCF01","PyQt4.QtCore.QDate(2014, 6, 23)"
"206","0","SPORTS & RECREATION","NULL","EVA","0.0","0.0","3B70FC17776B14FE","PyQt4.QtCore.QDate(2014, 6, 23)"
"207","0","HEALTH & MEDICAL CARE","H","EVA","0.0","0.0","5365BEF1519AF7EF","PyQt4.QtCore.QDate(2014, 6, 23)"
"208","0","RESIDENTIAL WITH COMMERCIAL AT 1ST STOREY","NULL","2.8","0.0","0.0","4E5F04E910899729","PyQt4.QtCore.QDate(2014, 6, 23)"
"209","0","RESIDENTIAL WITH COMMERCIAL AT 1ST STOREY","NULL","2.8","0.0","0.0","8FABE5C51B515AEA","PyQt4.QtCore.QDate(2014, 6, 23)"
"210","0","EDUCATIONAL INSTITUTION","E","EVA","0.0","0.0","282F5B4F718E08CF","PyQt4.QtCore.QDate(2014, 6, 23)"
"211","0","RESIDENTIAL WITH COMMERCIAL AT 1ST STOREY","NULL","2.8","0.0","0.0","0D1C03F53A3F02FE","PyQt4.QtCore.QDate(2014, 6, 23)"
"212","0","OPEN SPACE","NULL","EVA","0.0","0.0","08D8120FFA6DAE41","PyQt4.QtCore.QDate(2014, 6, 23)"
"213","0","ROAD","NULL","NULL","0.0","0.0","7D111EF75710D730","PyQt4.QtCore.QDate(2014, 6, 23)"
"214","0","WATERBODY","NULL","NULL","0.0","0.0","2186EFCD7C76A7FE","PyQt4.QtCore.QDate(2014, 6, 23)"
"215","0","BUSINESS PARK","NULL","2.5","0.0","0.0","67FF09EFC9E49AEF","PyQt4.QtCore.QDate(2014, 6, 23)"
"216","0","COMMERCIAL","NULL","EVA","0.0","0.0","ACA25102FF9CFC90","PyQt4.QtCore.QDate(2014, 6, 23)"
"217","0","RESIDENTIAL","NULL","2.8","0.0","0.0","BE57804C463AF17E","PyQt4.QtCore.QDate(2014, 6, 23)"
"217.ring1","0","RESIDENTIAL","NULL","2.8","0.0","0.0","BE57804C463AF17E","PyQt4.QtCore.QDate(2014, 6, 23)"
"218","0","EDUCATIONAL INSTITUTION","E","EVA","0.0","0.0","D35FA22E707B8F71","PyQt4.QtCore.QDate(2014, 6, 23)"
"219","0","RESIDENTIAL","NULL","2.8","0.0","0.0","6D2111342C933D92","PyQt4.QtCore.QDate(2014, 6, 23)"
"219.ring1","0","RESIDENTIAL","NULL","2.8","0.0","0.0","6D2111342C933D92","PyQt4.QtCore.QDate(2014, 6, 23)"
"220","0","PARK","NULL","EVA","0.0","0.0","1ACF7ACA7AB6727F","PyQt4.QtCore.QDate(2014, 6, 23)"
"221","0","PLACE OF WORSHIP","W","EVA","0.0","0.0","35EA7F29F402CE9E","PyQt4.QtCore.QDate(2014, 6, 23)"
"222","0","RESIDENTIAL","NULL","2.8","0.0","0.0","1C33CA7D4598AE7B","PyQt4.QtCore.QDate(2014, 6, 23)"
"223","0","OPEN SPACE","NULL","EVA","0.0","0.0","1CFD2AA872017712","PyQt4.QtCore.QDate(2014, 6, 23)"
"224","0","PARK","NULL","EVA","0.0","0.0","2F098BFAD55AE3DB","PyQt4.QtCore.QDate(2014, 6, 23)"
"225","0","ROAD","NULL","NULL","0.0","0.0","FD74D7256CE8A1CD","PyQt4.QtCore.QDate(2014, 6, 23)"
"226","0","WATERBODY","NULL","NULL","0.0","0.0","56D465371C0CF0A7","PyQt4.QtCore.QDate(2014, 6, 23)"
"227","0","ROAD","NULL","NULL","0.0","0.0","D2E5AF4D7576A628","PyQt4.QtCore.QDate(2014, 6, 23)"
"228","0","RESIDENTIAL","NULL","3.5","0.0","0.0","B160F9BE34B97A97","PyQt4.QtCore.QDate(2014, 6, 23)"
"229","0","RESERVE SITE","NULL","NULL","0.0","0.0","9265D15C58303C41","PyQt4.QtCore.QDate(2014, 6, 23)"
"230","0","ROAD","NULL","NULL","0.0","0.0","21C24A1D1D951437","PyQt4.QtCore.QDate(2014, 6, 23)"
"231","0","ROAD","NULL","NULL","0.0","0.0","652D35B7A719EA8C","PyQt4.QtCore.QDate(2014, 6, 23)"
"232","0","ROAD","NULL","NULL","0.0","0.0","3932CC9478FBD26A","PyQt4.QtCore.QDate(2014, 6, 23)"
"233","0","BUSINESS PARK","NULL","2.5","0.0","0.0","5718602853E8502F","PyQt4.QtCore.QDate(2014, 6, 23)"
"234","0","ROAD","NULL","NULL","0.0","0.0","8006969E8D02EB2F","PyQt4.QtCore.QDate(2014, 6, 23)"
"235","0","BUSINESS PARK - WHITE","W","2.5","40.0","0.0","17FCC40363B9239E","PyQt4.QtCore.QDate(2014, 6, 23)"
"236","0","ROAD","NULL","NULL","0.0","0.0","EE9981B859C2CD2D","PyQt4.QtCore.QDate(2014, 6, 23)"
"237","0","BUSINESS 1","NULL","2.5","0.0","0.0","3B2241EAE5E4FF31","PyQt4.QtCore.QDate(2014, 6, 23)"
"238","0","ROAD","NULL","NULL","0.0","0.0","3EA2A043AFDBEFD6","PyQt4.QtCore.QDate(2014, 6, 23)"
"239","0","RESERVE SITE","NULL","NULL","0.0","0.0","6C5CE82079BE9F66","PyQt4.QtCore.QDate(2014, 6, 23)"
"240","0","WATERBODY","NULL","NULL","0.0","0.0","68BEF64A5A2C96CC","PyQt4.QtCore.QDate(2014, 6, 23)"
"241","0","BUSINESS PARK","NULL","2.5","0.0","0.0","C54C710E2D24EA9E","PyQt4.QtCore.QDate(2014, 6, 23)"
"242","0","BUSINESS PARK - WHITE","W","2.5","40.0","0.0","E4D5D87C210555BE","PyQt4.QtCore.QDate(2014, 6, 23)"
"243","0","RESERVE SITE","NULL","NULL","0.0","0.0","1F6F2CF3EEDD0CF1","PyQt4.QtCore.QDate(2014, 6, 23)"
"244","0","COMMERCIAL & RESIDENTIAL","NULL","EVA","0.0","0.0","322E9EB2FBD68AF6","PyQt4.QtCore.QDate(2014, 6, 23)"
"244.ring1","0","COMMERCIAL & RESIDENTIAL","NULL","EVA","0.0","0.0","322E9EB2FBD68AF6","PyQt4.QtCore.QDate(2014, 6, 23)"
"245","0","ROAD","NULL","NULL","0.0","0.0","F2B11EFC3636B671","PyQt4.QtCore.QDate(2014, 6, 23)"
"246","0","COMMERCIAL & RESIDENTIAL","NULL","EVA","0.0","0.0","57FD289D04F6EB3E","PyQt4.QtCore.QDate(2014, 6, 23)"
"247","0","BUSINESS PARK","NULL","2.5","0.0","0.0","CDE0897E579C9961","PyQt4.QtCore.QDate(2014, 6, 23)"
"248","0","BUSINESS PARK","NULL","2.5","0.0","0.0","B239C169639D90D3","PyQt4.QtCore.QDate(2014, 6, 23)"
"249","0","BUSINESS PARK","NULL","2.5","0.0","0.0","FDDFF92BF05C8A00","PyQt4.QtCore.QDate(2014, 6, 23)"
"250","0","ROAD","NULL","NULL","0.0","0.0","73F39813780216A5","PyQt4.QtCore.QDate(2014, 6, 23)"
"251","0","OPEN SPACE","NULL","EVA","0.0","0.0","5DB23066745B73C7","PyQt4.QtCore.QDate(2014, 6, 23)"
"252","0","BUSINESS 1","NULL","2.5","0.0","0.0","3C6B58765890795A","PyQt4.QtCore.QDate(2014, 6, 23)"
"253","0","ROAD","NULL","NULL","0.0","0.0","6BF8B01941928BC8","PyQt4.QtCore.QDate(2014, 6, 23)"
"254","0","ROAD","NULL","NULL","0.0","0.0","F99C4782C0481187","PyQt4.QtCore.QDate(2014, 6, 23)"
"254.ring1","0","ROAD","NULL","NULL","0.0","0.0","F99C4782C0481187","PyQt4.QtCore.QDate(2014, 6, 23)"
"254.ring2","0","ROAD","NULL","NULL","0.0","0.0","F99C4782C0481187","PyQt4.QtCore.QDate(2014, 6, 23)"
"254.ring3","0","ROAD","NULL","NULL","0.0","0.0","F99C4782C0481187","PyQt4.QtCore.QDate(2014, 6, 23)"
"255","0","BUSINESS 1","NULL","2.5","0.0","0.0","9EC444B1BDB654EF","PyQt4.QtCore.QDate(2014, 6, 23)"
"256","0","BUSINESS 1","NULL","2.5","0.0","0.0","AC53F4A21750AEC3","PyQt4.QtCore.QDate(2014, 6, 23)"
"257","0","BUSINESS 1","NULL","2.5","0.0","0.0","87167A2EDED615FB","PyQt4.QtCore.QDate(2014, 6, 23)"
"258","0","BUSINESS 1","NULL","2.5","0.0","0.0","2130A707AED5848C","PyQt4.QtCore.QDate(2014, 6, 23)"
"259","0","BUSINESS 1","NULL","2.5","0.0","0.0","2DECB1E53E668688","PyQt4.QtCore.QDate(2014, 6, 23)"
"260","0","BUSINESS PARK","NULL","2.5","0.0","0.0","E4E1560B9000659C","PyQt4.QtCore.QDate(2014, 6, 23)"
"261","0","RESIDENTIAL","NULL","1.6","0.0","0.0","B2B18008D22B0033","PyQt4.QtCore.QDate(2014, 6, 23)"
"262","0","PARK","NULL","EVA","0.0","0.0","32F6D2FE22024F64","PyQt4.QtCore.QDate(2014, 6, 23)"
"263","0","PARK","NULL","EVA","0.0","0.0","4738587313FEED8D","PyQt4.QtCore.QDate(2014, 6, 23)"
"264","0","ROAD","NULL","NULL","0.0","0.0","D214292138F49FDA","PyQt4.QtCore.QDate(2014, 6, 23)"
"265","0","ROAD","NULL","NULL","0.0","0.0","6488BCC64C50F9DB","PyQt4.QtCore.QDate(2014, 6, 23)"
"266","0","ROAD","NULL","NULL","0.0","0.0","5467A6EB6E4F29AC","PyQt4.QtCore.QDate(2014, 6, 23)"
"267","0","RESERVE SITE","NULL","NULL","0.0","0.0","904BBCBCE12171DF","PyQt4.QtCore.QDate(2014, 6, 23)"
"268","0","RESIDENTIAL","NULL","2.8","0.0","0.0","A7663C25AB794F44","PyQt4.QtCore.QDate(2014, 6, 23)"
"269","0","RESIDENTIAL","NULL","3.2","0.0","0.0","7583AD7772F7604B","PyQt4.QtCore.QDate(2014, 6, 23)"
"270","0","ROAD","NULL","NULL","0.0","0.0","578B35946C377146","PyQt4.QtCore.QDate(2014, 6, 23)"
"271","0","ROAD","NULL","NULL","0.0","0.0","4BAB42E89FC748F6","PyQt4.QtCore.QDate(2014, 6, 23)"
"272","0","ROAD","NULL","NULL","0.0","0.0","E64E06B99AA89776","PyQt4.QtCore.QDate(2014, 6, 23)"
"273","0","PARK","NULL","EVA","0.0","0.0","6F76ECA98E00C4B8","PyQt4.QtCore.QDate(2014, 6, 23)"
"274","0","PARK","NULL","EVA","0.0","0.0","C4BF108386F8BCA7","PyQt4.QtCore.QDate(2014, 6, 23)"
"275","0","ROAD","NULL","NULL","0.0","0.0","91CAB244D4F472EA","PyQt4.QtCore.QDate(2014, 6, 23)"
"276","0","ROAD","NULL","NULL","0.0","0.0","1D6A0865C37D3AF0","PyQt4.QtCore.QDate(2014, 6, 23)"
"277.0","0","BUSINESS PARK","NULL","2.5","0.0","0.0","8888CF53331080D3","PyQt4.QtCore.QDate(2014, 6, 23)"
"277.1","0","BUSINESS PARK","NULL","2.5","0.0","0.0","8888CF53331080D3","PyQt4.QtCore.QDate(2014, 6, 23)"
"277.2","0","BUSINESS PARK","NULL","2.5","0.0","0.0","8888CF53331080D3","PyQt4.QtCore.QDate(2014, 6, 23)"
"277.3","0","BUSINESS PARK","NULL","2.5","0.0","0.0","8888CF53331080D3","PyQt4.QtCore.QDate(2014, 6, 23)"
"277.4","0","BUSINESS PARK","NULL","2.5","0.0","0.0","8888CF53331080D3","PyQt4.QtCore.QDate(2014, 6, 23)"
"278","0","BUSINESS PARK","NULL","2.5","0.0","0.0","75C2259E6DBC69D3","PyQt4.QtCore.QDate(2014, 6, 23)"
"279","0","RESIDENTIAL","NULL","2.8","0.0","0.0","80D19B2FD689DDAA","PyQt4.QtCore.QDate(2014, 6, 23)"
"279.ring1","0","RESIDENTIAL","NULL","2.8","0.0","0.0","80D19B2FD689DDAA","PyQt4.QtCore.QDate(2014, 6, 23)"
"280","0","ROAD","NULL","NULL","0.0","0.0","694F6CEFADBB0286","PyQt4.QtCore.QDate(2014, 6, 23)"
"281","0","ROAD","NULL","NULL","0.0","0.0","441467764DA62504","PyQt4.QtCore.QDate(2014, 6, 23)"
"282","0","ROAD","NULL","NULL","0.0","0.0","B53A6F38FE2E4415","PyQt4.QtCore.QDate(2014, 6, 23)"
"283","0","ROAD","NULL","NULL","0.0","0.0","BBCFBCEC098E5873","PyQt4.QtCore.QDate(2014, 6, 23)"
"284","0","COMMERCIAL","NULL","3.0","0.0","0.0","6F69EC930C7AE7A5","PyQt4.QtCore.QDate(2014, 6, 23)"
"285","0","ROAD","NULL","NULL","0.0","0.0","41D00656FF0E5C90","PyQt4.QtCore.QDate(2014, 6, 23)"
"286","0","RESIDENTIAL","NULL","2.8","0.0","0.0","7AA60983CCB2E96A","PyQt4.QtCore.QDate(2014, 6, 23)"
"286.ring1","0","RESIDENTIAL","NULL","2.8","0.0","0.0","7AA60983CCB2E96A","PyQt4.QtCore.QDate(2014, 6, 23)"
"286.ring2","0","RESIDENTIAL","NULL","2.8","0.0","0.0","7AA60983CCB2E96A","PyQt4.QtCore.QDate(2014, 6, 23)"
"286.ring3","0","RESIDENTIAL","NULL","2.8","0.0","0.0","7AA60983CCB2E96A","PyQt4.QtCore.QDate(2014, 6, 23)"
"286.ring4","0","RESIDENTIAL","NULL","2.8","0.0","0.0","7AA60983CCB2E96A","PyQt4.QtCore.QDate(2014, 6, 23)"
"286.ring5","0","RESIDENTIAL","NULL","2.8","0.0","0.0","7AA60983CCB2E96A","PyQt4.QtCore.QDate(2014, 6, 23)"
"287","0","BUSINESS 1 - WHITE","W","EVA","0.0","0.0","529F15AC36BD9154","PyQt4.QtCore.QDate(2014, 6, 23)"
"288","0","RESERVE SITE","NULL","NULL","0.0","0.0","9FC6C25B915F3CD9","PyQt4.QtCore.QDate(2014, 6, 23)"
"289","0","RESIDENTIAL","NULL","3.5","0.0","0.0","84CDA910CDAC3E53","PyQt4.QtCore.QDate(2014, 6, 23)"
"290","0","OPEN SPACE","NULL","EVA","0.0","0.0","C5F965B4D7F27ED0","PyQt4.QtCore.QDate(2014, 6, 23)"
"291","0","RESERVE SITE","NULL","NULL","0.0","0.0","E5CF21AB6538E536","PyQt4.QtCore.QDate(2014, 6, 23)"
"292","0","ROAD","NULL","NULL","0.0","0.0","AC65CDE045F32D61","PyQt4.QtCore.QDate(2014, 6, 23)"
"293","0","WHITE","NULL","3.5","0.0","0.0","E70952A9F9B41767","PyQt4.QtCore.QDate(2014, 6, 23)"
"294","0","ROAD","NULL","NULL","0.0","0.0","615FDB2E8C7CDE09","PyQt4.QtCore.QDate(2014, 6, 23)"
"295","0","ROAD","NULL","NULL","0.0","0.0","FDA4648416C3CE71","PyQt4.QtCore.QDate(2014, 6, 23)"
"296","0","ROAD","NULL","NULL","0.0","0.0","EB7AEB398699D323","PyQt4.QtCore.QDate(2014, 6, 23)"
"297","0","WHITE","NULL","SDP","0.0","0.0","78BBC26ED5045937","PyQt4.QtCore.QDate(2014, 6, 23)"
"298","0","COMMERCIAL","NULL","5.6","0.0","0.0","350F6ED08E660C62","PyQt4.QtCore.QDate(2014, 6, 23)"
"299","0","ROAD","NULL","NULL","0.0","0.0","78BC79D4576199AD","PyQt4.QtCore.QDate(2014, 6, 23)"
"300","0","ROAD","NULL","NULL","0.0","0.0","BECE8AD2911C1247","PyQt4.QtCore.QDate(2014, 6, 23)"
"301","0","ROAD","NULL","NULL","0.0","0.0","76727FDF60F21260","PyQt4.QtCore.QDate(2014, 6, 23)"
"302","0","RESERVE SITE","NULL","NULL","0.0","0.0","33C93EA62384D75C","PyQt4.QtCore.QDate(2014, 6, 23)"
"303","0","COMMERCIAL","NULL","7.0","0.0","0.0","3FFE02A9334BA83E","PyQt4.QtCore.QDate(2014, 6, 23)"
"304.0","0","ROAD","NULL","NULL","0.0","0.0","F1F9DB319C23942C","PyQt4.QtCore.QDate(2014, 6, 23)"
"304.1","0","ROAD","NULL","NULL","0.0","0.0","F1F9DB319C23942C","PyQt4.QtCore.QDate(2014, 6, 23)"
"305","0","ROAD","NULL","NULL","0.0","0.0","DDF831F36E213309","PyQt4.QtCore.QDate(2014, 6, 23)"
"306","0","MASS RAPID TRANSIT","NULL","EVA","0.0","0.0","283156B24D9925E6","PyQt4.QtCore.QDate(2014, 6, 23)"
"307","0","COMMERCIAL","NULL","EVA","0.0","0.0","639157E284ED9368","PyQt4.QtCore.QDate(2014, 6, 23)"
"308","0","ROAD","NULL","NULL","0.0","0.0","73C894B2015805DA","PyQt4.QtCore.QDate(2014, 6, 23)"
"309","0","WHITE","NULL","4.2","0.0","0.0","3EE487D1DE68D256","PyQt4.QtCore.QDate(2014, 6, 23)"
"310","0","COMMERCIAL & RESIDENTIAL","NULL","EVA","0.0","0.0","7FC7F0205ED18444","PyQt4.QtCore.QDate(2014, 6, 23)"
"311","0","ROAD","NULL","NULL","0.0","0.0","E790E0EE4B68E6A8","PyQt4.QtCore.QDate(2014, 6, 23)"
"312","0","ROAD","NULL","NULL","0.0","0.0","75AEF17835AB026C","PyQt4.QtCore.QDate(2014, 6, 23)"
"313","0","ROAD","NULL","NULL","0.0","0.0","8FCA4CC37F1C210C","PyQt4.QtCore.QDate(2014, 6, 23)"
"314","0","HEALTH & MEDICAL CARE","H","EVA","0.0","0.0","E9367B1494583B0A","PyQt4.QtCore.QDate(2014, 6, 23)"
"315","0","COMMERCIAL","NULL","3.5","0.0","0.0","6E0A75D1BB068ADD","PyQt4.QtCore.QDate(2014, 6, 23)"
"316","0","CIVIC & COMMUNITY INSTITUTION","NULL","EVA","0.0","0.0","C581AB789C05324B","PyQt4.QtCore.QDate(2014, 6, 23)"
"317","0","RESIDENTIAL","NULL","4.2","0.0","0.0","142F94B3F9D811DF","PyQt4.QtCore.QDate(2014, 6, 23)"
"318","0","ROAD","NULL","NULL","0.0","0.0","BBBA99C21F253DDC","PyQt4.QtCore.QDate(2014, 6, 23)"
"319","0","RESERVE SITE","NULL","NULL","0.0","0.0","7E34CDBF9D29500A","PyQt4.QtCore.QDate(2014, 6, 23)"
"320","0","BUSINESS 1","NULL","2.1","0.0","0.0","50F44087E73DC6F7","PyQt4.QtCore.QDate(2014, 6, 23)"
"321","0","BUSINESS 1","NULL","2.1","0.0","0.0","8A57A87361D342E3","PyQt4.QtCore.QDate(2014, 6, 23)"
"322","0","ROAD","NULL","NULL","0.0","0.0","FD7D031FD165CF5B","PyQt4.QtCore.QDate(2014, 6, 23)"
"323.0","0","HEALTH & MEDICAL CARE","H","EVA","0.0","0.0","CFAF9607CA8406B2","PyQt4.QtCore.QDate(2014, 6, 23)"
"323.1","0","HEALTH & MEDICAL CARE","H","EVA","0.0","0.0","CFAF9607CA8406B2","PyQt4.QtCore.QDate(2014, 6, 23)"
"324","0","ROAD","NULL","NULL","0.0","0.0","F2D8528609EB7B76","PyQt4.QtCore.QDate(2014, 6, 23)"
"325","0","WHITE","NULL","4.9","0.0","0.0","6AC298B9A8D69950","PyQt4.QtCore.QDate(2014, 6, 23)"
"326","0","WHITE","NULL","5.6","0.0","0.0","DC3DCDC935949873","PyQt4.QtCore.QDate(2014, 6, 23)"
"327","0","COMMERCIAL","NULL","3.5","0.0","0.0","378FABF5DBC2C297","PyQt4.QtCore.QDate(2014, 6, 23)"
"328","0","COMMERCIAL","NULL","7.0","0.0","0.0","8A30B5DDD8622422","PyQt4.QtCore.QDate(2014, 6, 23)"
"329","0","EDUCATIONAL INSTITUTION","E","EVA","0.0","0.0","3FD8D5D0EA3F3C04","PyQt4.QtCore.QDate(2014, 6, 23)"
"330","0","RESIDENTIAL","NULL","2.8","0.0","0.0","CD996C934DBC435C","PyQt4.QtCore.QDate(2014, 6, 23)"
"330.ring1","0","RESIDENTIAL","NULL","2.8","0.0","0.0","CD996C934DBC435C","PyQt4.QtCore.QDate(2014, 6, 23)"
"330.ring2","0","RESIDENTIAL","NULL","2.8","0.0","0.0","CD996C934DBC435C","PyQt4.QtCore.QDate(2014, 6, 23)"
"330.ring3","0","RESIDENTIAL","NULL","2.8","0.0","0.0","CD996C934DBC435C","PyQt4.QtCore.QDate(2014, 6, 23)"
"331","0","SPORTS & RECREATION","NULL","EVA","0.0","0.0","0602AC1DAAD86DD3","PyQt4.QtCore.QDate(2014, 6, 23)"
"332.0","0","WATERBODY","NULL","NULL","0.0","0.0","A94816057B9E8B2D","PyQt4.QtCore.QDate(2014, 6, 23)"
"332.1","0","WATERBODY","NULL","NULL","0.0","0.0","A94816057B9E8B2D","PyQt4.QtCore.QDate(2014, 6, 23)"
"332.2","0","WATERBODY","NULL","NULL","0.0","0.0","A94816057B9E8B2D","PyQt4.QtCore.QDate(2014, 6, 23)"
"332.3","0","WATERBODY","NULL","NULL","0.0","0.0","A94816057B9E8B2D","PyQt4.QtCore.QDate(2014, 6, 23)"
"333","0","SPORTS & RECREATION","NULL","EVA","0.0","0.0","016D7388E23E2AB0","PyQt4.QtCore.QDate(2014, 6, 23)"
"334","0","PARK","NULL","EVA","0.0","0.0","D497A45954CE1AD6","PyQt4.QtCore.QDate(2014, 6, 23)"
"335","0","UTILITY","U","EVA","0.0","0.0","1EE36776119AA015","PyQt4.QtCore.QDate(2014, 6, 23)"
"336","0","BUSINESS PARK - WHITE","W","3.0","40.0","0.0","8443D8182C9A8FB0","PyQt4.QtCore.QDate(2014, 6, 23)"
"337","0","RESIDENTIAL","NULL","3.5","0.0","0.0","14BD0559006AE345","PyQt4.QtCore.QDate(2014, 6, 23)"
"338","0","OPEN SPACE","NULL","EVA","0.0","0.0","8DFDFCF8A9C24BFF","PyQt4.QtCore.QDate(2014, 6, 23)"
"339","0","COMMERCIAL","NULL","5.6","0.0","0.0","7A6245DCA778988C","PyQt4.QtCore.QDate(2014, 6, 23)"
"340","0","WHITE","NULL","4.2","0.0","0.0","E4B1B87474C10B55","PyQt4.QtCore.QDate(2014, 6, 23)"
"341","0","TRANSPORT FACILITIES","NULL","EVA","0.0","0.0","5714D7D66C45F78C","PyQt4.QtCore.QDate(2014, 6, 23)"
"342","0","ROAD","NULL","NULL","0.0","0.0","E90A3EBA377787D4","PyQt4.QtCore.QDate(2014, 6, 23)"
"343","0","HOTEL","NULL","2.1","0.0","0.0","9978D81970AA5EC7","PyQt4.QtCore.QDate(2014, 6, 23)"
"344","0","HOTEL","NULL","SDP","0.0","0.0","FAE02F74A5A3B975","PyQt4.QtCore.QDate(2014, 6, 23)"
"345","0","HOTEL","NULL","2.1","0.0","0.0","1DE8E0199F89D317","PyQt4.QtCore.QDate(2014, 6, 23)"
"346","0","WATERBODY","NULL","NULL","0.0","0.0","79D3E0C2A083E4FF","PyQt4.QtCore.QDate(2014, 6, 23)"
"347","0","UTILITY","U","EVA","0.0","0.0","16620143FD41DA56","PyQt4.QtCore.QDate(2014, 6, 23)"
"348","0","ROAD","NULL","NULL","0.0","0.0","F668FC1562BB60E1","PyQt4.QtCore.QDate(2014, 6, 23)"
"349","0","ROAD","NULL","NULL","0.0","0.0","A13ADB794B96A1F6","PyQt4.QtCore.QDate(2014, 6, 23)"
"350","0","CIVIC & COMMUNITY INSTITUTION","NULL","EVA","0.0","0.0","82159CD8354C4E54","PyQt4.QtCore.QDate(2014, 6, 23)"
"351","0","PARK","NULL","EVA","0.0","0.0","934454265977CA68","PyQt4.QtCore.QDate(2014, 6, 23)"
"352","0","BUSINESS PARK","NULL","2.5","0.0","0.0","C65DA588A23BC2EE","PyQt4.QtCore.QDate(2014, 6, 23)"
"353","0","BUSINESS PARK","NULL","2.5","0.0","0.0","4498C8A4B82F2921","PyQt4.QtCore.QDate(2014, 6, 23)"
"354","0","BUSINESS PARK","NULL","2.5","0.0","0.0","2E86F24564B79CF2","PyQt4.QtCore.QDate(2014, 6, 23)"
"355","0","COMMERCIAL","NULL","5.6","0.0","0.0","AA02F393A94C77F6","PyQt4.QtCore.QDate(2014, 6, 23)"
"356","0","RESERVE SITE","NULL","NULL","0.0","0.0","11EB1FD6BFD1DCBC","PyQt4.QtCore.QDate(2014, 6, 23)"
"357","0","PARK","NULL","EVA","0.0","0.0","D72057FF70E89771","PyQt4.QtCore.QDate(2014, 6, 23)"
"358","0","RESERVE SITE","NULL","NULL","0.0","0.0","1B7988E1DE528EB2","PyQt4.QtCore.QDate(2014, 6, 23)"
"359","0","ROAD","NULL","NULL","0.0","0.0","6536A631B758CDC6","PyQt4.QtCore.QDate(2014, 6, 23)"
